{"v":"4.8.0","meta":{"g":"LottieFiles AE 3.1.1","a":"","k":"","d":"","tc":""},"fr":29.9700012207031,"ip":0,"op":600.000024438501,"w":140,"h":140,"nm":"Snooze","ddd":0,"assets":[],"layers":[{"ddd":0,"ind":1,"ty":4,"nm":"Z","sr":1,"ks":{"o":{"a":1,"k":[{"i":{"x":[0.667],"y":[1]},"o":{"x":[0.333],"y":[0]},"t":1,"s":[0]},{"i":{"x":[0.667],"y":[1]},"o":{"x":[0.333],"y":[0]},"t":30.169,"s":[100]},{"t":60.0000024438501,"s":[0]}],"ix":11,"x":"var $bm_rt;\n$bm_rt = loopOut('cycle');"},"r":{"a":0,"k":0,"ix":10},"p":{"a":0,"k":[69.586,66.7,0],"ix":2},"a":{"a":0,"k":[9.312,8.5,0],"ix":1},"s":{"a":0,"k":[220,220,100],"ix":6}},"ao":0,"shapes":[{"ind":0,"ty":"sh","ix":1,"ks":{"a":0,"k":{"i":[[0,0],[0,0],[0,0],[0,0]],"o":[[0,0],[0,0],[0,0],[0,0]],"v":[[7.812,6.25],[10.812,6.25],[7.812,10.75],[10.812,10.75]],"c":false},"ix":2},"nm":"Path 1","mn":"ADBE Vector Shape - Group","hd":false},{"ty":"st","c":{"a":0,"k":[0.003921568627,0.301960784314,0.898039215686,1],"ix":3},"o":{"a":0,"k":100,"ix":4},"w":{"a":0,"k":1.5,"ix":5},"lc":2,"lj":2,"bm":0,"nm":"Stroke 1","mn":"ADBE Vector Graphic - Stroke","hd":false}],"ip":0,"op":600.000024438501,"st":0,"bm":0},{"ddd":0,"ind":2,"ty":4,"nm":"B","sr":1,"ks":{"o":{"a":0,"k":100,"ix":11},"r":{"a":0,"k":0,"ix":10},"p":{"a":0,"k":[69.585,69.997,0],"ix":2},"a":{"a":0,"k":[9.311,9.998,0],"ix":1},"s":{"a":0,"k":[220,220,100],"ix":6}},"ao":0,"shapes":[{"ind":0,"ty":"sh","ix":1,"ks":{"a":0,"k":{"i":[[0,0],[0.075,-0.467],[0.279,-0.382],[0.421,-0.214],[0.472,0],[0.421,0.214],[0.278,0.381],[0.076,0.466],[-0.144,0.45]],"o":[[0.144,0.45],[-0.076,0.466],[-0.278,0.381],[-0.421,0.214],[-0.472,0],[-0.421,-0.214],[-0.279,-0.382],[-0.075,-0.467],[0,0]],"v":[[12.169,15.082],[12.274,16.476],[11.735,17.766],[10.671,18.672],[9.312,18.997],[7.953,18.672],[6.889,17.766],[6.35,16.476],[6.455,15.082]],"c":false},"ix":2},"nm":"Path 1","mn":"ADBE Vector Shape - Group","hd":false},{"ind":1,"ty":"sh","ix":2,"ks":{"a":0,"k":{"i":[[0,0],[1.898,0.225]],"o":[[-1.898,0.225],[0,0]],"v":[[12.169,15.082],[6.455,15.082]],"c":false},"ix":2},"nm":"Path 2","mn":"ADBE Vector Shape - Group","hd":false},{"ind":2,"ty":"sh","ix":3,"ks":{"a":0,"k":{"i":[[0,0],[-1.76,0.65],[-0.003,2.225],[0,0],[0,0],[1.125,1.126],[1.591,0],[1.126,-1.125],[0,-1.591],[0,0],[1.491,-1.651],[-1.895,-0.225]],"o":[[1.863,-0.221],[-1.491,-1.651],[0,0],[0,0],[0,-1.591],[-1.126,-1.125],[-1.591,0],[-1.125,1.126],[0,0],[0.003,2.225],[1.733,0.64],[0,0]],"v":[[12.169,15.082],[17.623,13.772],[15.312,7.75],[15.312,7.05],[15.312,7],[13.555,2.757],[9.312,1],[5.069,2.757],[3.312,7],[3.312,7.75],[1,13.772],[6.455,15.082]],"c":false},"ix":2},"nm":"Path 3","mn":"ADBE Vector Shape - Group","hd":false},{"ty":"mm","mm":1,"nm":"Merge Paths 1","mn":"ADBE Vector Filter - Merge","hd":false},{"ty":"st","c":{"a":0,"k":[0.003921568627,0.301960784314,0.898039215686,1],"ix":3},"o":{"a":0,"k":100,"ix":4},"w":{"a":0,"k":1.5,"ix":5},"lc":2,"lj":2,"bm":0,"nm":"Stroke 1","mn":"ADBE Vector Graphic - Stroke","hd":false}],"ip":0,"op":600.000024438501,"st":0,"bm":0},{"ddd":0,"ind":3,"ty":1,"nm":"BG - Scale 220%","sr":1,"ks":{"o":{"a":0,"k":100,"ix":11},"r":{"a":0,"k":0,"ix":10},"p":{"a":0,"k":[70,70,0],"ix":2},"a":{"a":0,"k":[70,70,0],"ix":1},"s":{"a":0,"k":[100,100,100],"ix":6}},"ao":0,"sw":140,"sh":140,"sc":"#ffffff","ip":0,"op":600.000024438501,"st":0,"bm":0}],"markers":[]}